Seed,Noise,Activations,Explainer,Purity
12,0.05,relu,deep_lift,0.7664
12,0.05,relu,geodesic_integrated_gradients,0.6696
12,0.05,relu,enhanced_integrated_gradients,0.7096
12,0.05,relu,gradient_shap,0.8632
12,0.05,relu,integrated_gradients,0.7472
12,0.05,relu,smooth_grad,0.8624
12,0.1,relu,deep_lift,0.9888
12,0.1,relu,geodesic_integrated_gradients,0.9888
12,0.1,relu,enhanced_integrated_gradients,0.976
12,0.1,relu,gradient_shap,0.94
12,0.1,relu,integrated_gradients,0.968
12,0.1,relu,smooth_grad,0.9456
12,0.15,relu,deep_lift,0.956
12,0.15,relu,geodesic_integrated_gradients,0.9776
12,0.15,relu,enhanced_integrated_gradients,0.9176
12,0.15,relu,gradient_shap,0.9144
12,0.15,relu,integrated_gradients,0.8768
12,0.15,relu,smooth_grad,0.9032
12,0.2,relu,deep_lift,0.8832
12,0.2,relu,geodesic_integrated_gradients,0.9464
12,0.2,relu,enhanced_integrated_gradients,0.8352
12,0.2,relu,gradient_shap,0.8472
12,0.2,relu,integrated_gradients,0.8112
12,0.2,relu,smooth_grad,0.8368
12,0.25,relu,deep_lift,0.8792
12,0.25,relu,geodesic_integrated_gradients,0.9208
12,0.25,relu,enhanced_integrated_gradients,0.8536
12,0.25,relu,gradient_shap,0.8904
12,0.25,relu,integrated_gradients,0.8648
12,0.25,relu,smooth_grad,0.8672
12,0.3,relu,deep_lift,0.6752
12,0.3,relu,geodesic_integrated_gradients,0.6744
12,0.3,relu,enhanced_integrated_gradients,0.6776
12,0.3,relu,gradient_shap,0.7648
12,0.3,relu,integrated_gradients,0.6776
12,0.3,relu,smooth_grad,0.7704
24,0.05,relu,deep_lift,1.0
24,0.05,relu,geodesic_integrated_gradients,1.0
24,0.05,relu,enhanced_integrated_gradients,1.0
24,0.05,relu,gradient_shap,0.9672
24,0.05,relu,integrated_gradients,1.0
24,0.05,relu,smooth_grad,0.9656
24,0.1,relu,deep_lift,0.9984
24,0.1,relu,geodesic_integrated_gradients,0.9696
24,0.1,relu,enhanced_integrated_gradients,0.9304
24,0.1,relu,gradient_shap,0.9216
24,0.1,relu,integrated_gradients,0.9288
24,0.1,relu,smooth_grad,0.9216
24,0.15,relu,deep_lift,0.9384
24,0.15,relu,geodesic_integrated_gradients,0.9984
24,0.15,relu,enhanced_integrated_gradients,0.8512
24,0.15,relu,gradient_shap,0.876
24,0.15,relu,integrated_gradients,0.8776
24,0.15,relu,smooth_grad,0.8864
24,0.2,relu,deep_lift,0.8168
24,0.2,relu,geodesic_integrated_gradients,1.0
24,0.2,relu,enhanced_integrated_gradients,0.7968
24,0.2,relu,gradient_shap,0.8856
24,0.2,relu,integrated_gradients,0.824
24,0.2,relu,smooth_grad,0.8904
24,0.25,relu,deep_lift,0.7888
24,0.25,relu,geodesic_integrated_gradients,0.8296
24,0.25,relu,enhanced_integrated_gradients,0.7448
24,0.25,relu,gradient_shap,0.7976
24,0.25,relu,integrated_gradients,0.7752
24,0.25,relu,smooth_grad,0.7968
24,0.3,relu,deep_lift,0.7264
24,0.3,relu,geodesic_integrated_gradients,0.8544
24,0.3,relu,enhanced_integrated_gradients,0.7176
24,0.3,relu,gradient_shap,0.7912
24,0.3,relu,integrated_gradients,0.724
24,0.3,relu,smooth_grad,0.7656
36,0.05,relu,deep_lift,0.972
36,0.05,relu,geodesic_integrated_gradients,0.964
36,0.05,relu,enhanced_integrated_gradients,0.968
36,0.05,relu,gradient_shap,0.9008
36,0.05,relu,integrated_gradients,0.9624
36,0.05,relu,smooth_grad,0.8936
36,0.1,relu,deep_lift,0.968
36,0.1,relu,geodesic_integrated_gradients,0.9096
36,0.1,relu,enhanced_integrated_gradients,0.948
36,0.1,relu,gradient_shap,0.896
36,0.1,relu,integrated_gradients,0.916
36,0.1,relu,smooth_grad,0.8952
36,0.15,relu,deep_lift,0.9416
36,0.15,relu,geodesic_integrated_gradients,0.964
36,0.15,relu,enhanced_integrated_gradients,0.876
36,0.15,relu,gradient_shap,0.928
36,0.15,relu,integrated_gradients,0.8584
36,0.15,relu,smooth_grad,0.9168
36,0.2,relu,deep_lift,0.8136
36,0.2,relu,geodesic_integrated_gradients,0.948
36,0.2,relu,enhanced_integrated_gradients,0.8232
36,0.2,relu,gradient_shap,0.8536
36,0.2,relu,integrated_gradients,0.7984
36,0.2,relu,smooth_grad,0.8504
36,0.25,relu,deep_lift,0.7648
36,0.25,relu,geodesic_integrated_gradients,0.7976
36,0.25,relu,enhanced_integrated_gradients,0.8032
36,0.25,relu,gradient_shap,0.828
36,0.25,relu,integrated_gradients,0.7624
36,0.25,relu,smooth_grad,0.8144
36,0.3,relu,deep_lift,0.808
36,0.3,relu,geodesic_integrated_gradients,0.8976
36,0.3,relu,enhanced_integrated_gradients,0.82
36,0.3,relu,gradient_shap,0.8304
36,0.3,relu,integrated_gradients,0.7936
36,0.3,relu,smooth_grad,0.8216
48,0.05,relu,deep_lift,1.0
48,0.05,relu,geodesic_integrated_gradients,1.0
48,0.05,relu,enhanced_integrated_gradients,1.0
48,0.05,relu,gradient_shap,0.9456
48,0.05,relu,integrated_gradients,1.0
48,0.05,relu,smooth_grad,0.9592
48,0.1,relu,deep_lift,0.7528
48,0.1,relu,geodesic_integrated_gradients,0.8024
48,0.1,relu,enhanced_integrated_gradients,0.7608
48,0.1,relu,gradient_shap,0.8008
48,0.1,relu,integrated_gradients,0.736
48,0.1,relu,smooth_grad,0.7944
48,0.15,relu,deep_lift,0.788
48,0.15,relu,geodesic_integrated_gradients,0.9096
48,0.15,relu,enhanced_integrated_gradients,0.7392
48,0.15,relu,gradient_shap,0.8064
48,0.15,relu,integrated_gradients,0.7504
48,0.15,relu,smooth_grad,0.8088
48,0.2,relu,deep_lift,0.9224
48,0.2,relu,geodesic_integrated_gradients,0.9952
48,0.2,relu,enhanced_integrated_gradients,0.8568
48,0.2,relu,gradient_shap,0.8824
48,0.2,relu,integrated_gradients,0.848
48,0.2,relu,smooth_grad,0.8848
48,0.25,relu,deep_lift,0.7616
48,0.25,relu,geodesic_integrated_gradients,0.8072
48,0.25,relu,enhanced_integrated_gradients,0.7736
48,0.25,relu,gradient_shap,0.8464
48,0.25,relu,integrated_gradients,0.76
48,0.25,relu,smooth_grad,0.8408
48,0.3,relu,deep_lift,0.7696
48,0.3,relu,geodesic_integrated_gradients,0.8712
48,0.3,relu,enhanced_integrated_gradients,0.7272
48,0.3,relu,gradient_shap,0.8112
48,0.3,relu,integrated_gradients,0.7552
48,0.3,relu,smooth_grad,0.8056
60,0.05,relu,deep_lift,0.9336
60,0.05,relu,geodesic_integrated_gradients,0.984
60,0.05,relu,enhanced_integrated_gradients,0.9616
60,0.05,relu,gradient_shap,0.86
60,0.05,relu,integrated_gradients,0.8576
60,0.05,relu,smooth_grad,0.8736
60,0.1,relu,deep_lift,0.8696
60,0.1,relu,geodesic_integrated_gradients,0.86
60,0.1,relu,enhanced_integrated_gradients,0.8744
60,0.1,relu,gradient_shap,0.9168
60,0.1,relu,integrated_gradients,0.8504
60,0.1,relu,smooth_grad,0.908
60,0.15,relu,deep_lift,0.8344
60,0.15,relu,geodesic_integrated_gradients,0.8592
60,0.15,relu,enhanced_integrated_gradients,0.8056
60,0.15,relu,gradient_shap,0.8632
60,0.15,relu,integrated_gradients,0.8216
60,0.15,relu,smooth_grad,0.8744
60,0.2,relu,deep_lift,0.6912
60,0.2,relu,geodesic_integrated_gradients,0.7672
60,0.2,relu,enhanced_integrated_gradients,0.6816
60,0.2,relu,gradient_shap,0.788
60,0.2,relu,integrated_gradients,0.6896
60,0.2,relu,smooth_grad,0.78
60,0.25,relu,deep_lift,0.748
60,0.25,relu,geodesic_integrated_gradients,0.7536
60,0.25,relu,enhanced_integrated_gradients,0.7064
60,0.25,relu,gradient_shap,0.7688
60,0.25,relu,integrated_gradients,0.728
60,0.25,relu,smooth_grad,0.776
60,0.3,relu,deep_lift,0.728
60,0.3,relu,geodesic_integrated_gradients,0.8152
60,0.3,relu,enhanced_integrated_gradients,0.7504
60,0.3,relu,gradient_shap,0.772
60,0.3,relu,integrated_gradients,0.728
60,0.3,relu,smooth_grad,0.7624
72,0.05,relu,deep_lift,1.0
72,0.05,relu,geodesic_integrated_gradients,1.0
72,0.05,relu,enhanced_integrated_gradients,1.0
72,0.05,relu,gradient_shap,0.9528
72,0.05,relu,integrated_gradients,0.9696
72,0.05,relu,smooth_grad,0.9608
72,0.1,relu,deep_lift,0.9136
72,0.1,relu,geodesic_integrated_gradients,0.9096
72,0.1,relu,enhanced_integrated_gradients,0.9128
72,0.1,relu,gradient_shap,0.9776
72,0.1,relu,integrated_gradients,0.9136
72,0.1,relu,smooth_grad,0.9744
72,0.15,relu,deep_lift,0.8256
72,0.15,relu,geodesic_integrated_gradients,0.988
72,0.15,relu,enhanced_integrated_gradients,0.8
72,0.15,relu,gradient_shap,0.8576
72,0.15,relu,integrated_gradients,0.8176
72,0.15,relu,smooth_grad,0.8656
72,0.2,relu,deep_lift,0.9232
72,0.2,relu,geodesic_integrated_gradients,0.9672
72,0.2,relu,enhanced_integrated_gradients,0.8704
72,0.2,relu,gradient_shap,0.9144
72,0.2,relu,integrated_gradients,0.9
72,0.2,relu,smooth_grad,0.9112
72,0.25,relu,deep_lift,0.8672
72,0.25,relu,geodesic_integrated_gradients,0.9264
72,0.25,relu,enhanced_integrated_gradients,0.864
72,0.25,relu,gradient_shap,0.8672
72,0.25,relu,integrated_gradients,0.8696
72,0.25,relu,smooth_grad,0.86
72,0.3,relu,deep_lift,0.7424
72,0.3,relu,geodesic_integrated_gradients,0.7568
72,0.3,relu,enhanced_integrated_gradients,0.7272
72,0.3,relu,gradient_shap,0.8192
72,0.3,relu,integrated_gradients,0.74
72,0.3,relu,smooth_grad,0.808
84,0.05,relu,deep_lift,0.7792
84,0.05,relu,geodesic_integrated_gradients,0.8848
84,0.05,relu,enhanced_integrated_gradients,0.8704
84,0.05,relu,gradient_shap,0.8384
84,0.05,relu,integrated_gradients,0.7896
84,0.05,relu,smooth_grad,0.8472
84,0.1,relu,deep_lift,0.8096
84,0.1,relu,geodesic_integrated_gradients,0.9808
84,0.1,relu,enhanced_integrated_gradients,0.7384
84,0.1,relu,gradient_shap,0.8536
84,0.1,relu,integrated_gradients,0.7728
84,0.1,relu,smooth_grad,0.8384
84,0.15,relu,deep_lift,0.936
84,0.15,relu,geodesic_integrated_gradients,0.9704
84,0.15,relu,enhanced_integrated_gradients,0.8712
84,0.15,relu,gradient_shap,0.892
84,0.15,relu,integrated_gradients,0.8632
84,0.15,relu,smooth_grad,0.8744
84,0.2,relu,deep_lift,0.8208
84,0.2,relu,geodesic_integrated_gradients,0.9568
84,0.2,relu,enhanced_integrated_gradients,0.9304
84,0.2,relu,gradient_shap,0.8696
84,0.2,relu,integrated_gradients,0.816
84,0.2,relu,smooth_grad,0.8536
84,0.25,relu,deep_lift,0.832
84,0.25,relu,geodesic_integrated_gradients,0.9096
84,0.25,relu,enhanced_integrated_gradients,0.7712
84,0.25,relu,gradient_shap,0.8528
84,0.25,relu,integrated_gradients,0.7824
84,0.25,relu,smooth_grad,0.8608
84,0.3,relu,deep_lift,0.7592
84,0.3,relu,geodesic_integrated_gradients,0.9176
84,0.3,relu,enhanced_integrated_gradients,0.776
84,0.3,relu,gradient_shap,0.7968
84,0.3,relu,integrated_gradients,0.74
84,0.3,relu,smooth_grad,0.7896
96,0.05,relu,deep_lift,1.0
96,0.05,relu,geodesic_integrated_gradients,0.9456
96,0.05,relu,enhanced_integrated_gradients,0.9288
96,0.05,relu,gradient_shap,0.9048
96,0.05,relu,integrated_gradients,0.9672
96,0.05,relu,smooth_grad,0.924
96,0.1,relu,deep_lift,0.672
96,0.1,relu,geodesic_integrated_gradients,0.7104
96,0.1,relu,enhanced_integrated_gradients,0.7096
96,0.1,relu,gradient_shap,0.7456
96,0.1,relu,integrated_gradients,0.6744
96,0.1,relu,smooth_grad,0.7656
96,0.15,relu,deep_lift,0.8368
96,0.15,relu,geodesic_integrated_gradients,0.8656
96,0.15,relu,enhanced_integrated_gradients,0.8976
96,0.15,relu,gradient_shap,0.8288
96,0.15,relu,integrated_gradients,0.84
96,0.15,relu,smooth_grad,0.8328
96,0.2,relu,deep_lift,0.3256
96,0.2,relu,geodesic_integrated_gradients,0.3264
96,0.2,relu,enhanced_integrated_gradients,0.3224
96,0.2,relu,gradient_shap,0.612
96,0.2,relu,integrated_gradients,0.3256
96,0.2,relu,smooth_grad,0.5976
96,0.25,relu,deep_lift,0.788
96,0.25,relu,geodesic_integrated_gradients,0.9408
96,0.25,relu,enhanced_integrated_gradients,0.7728
96,0.25,relu,gradient_shap,0.8248
96,0.25,relu,integrated_gradients,0.7744
96,0.25,relu,smooth_grad,0.8232
96,0.3,relu,deep_lift,0.6776
96,0.3,relu,geodesic_integrated_gradients,0.7392
96,0.3,relu,enhanced_integrated_gradients,0.6448
96,0.3,relu,gradient_shap,0.724
96,0.3,relu,integrated_gradients,0.6784
96,0.3,relu,smooth_grad,0.7264
108,0.05,relu,deep_lift,0.9096
108,0.05,relu,geodesic_integrated_gradients,0.7816
108,0.05,relu,enhanced_integrated_gradients,0.8224
108,0.05,relu,gradient_shap,0.8176
108,0.05,relu,integrated_gradients,0.8824
108,0.05,relu,smooth_grad,0.824
108,0.1,relu,deep_lift,0.928
108,0.1,relu,geodesic_integrated_gradients,0.7952
108,0.1,relu,enhanced_integrated_gradients,0.8984
108,0.1,relu,gradient_shap,0.8696
108,0.1,relu,integrated_gradients,0.8824
108,0.1,relu,smooth_grad,0.856
108,0.15,relu,deep_lift,0.7576
108,0.15,relu,geodesic_integrated_gradients,0.9384
108,0.15,relu,enhanced_integrated_gradients,0.7288
108,0.15,relu,gradient_shap,0.828
108,0.15,relu,integrated_gradients,0.7624
108,0.15,relu,smooth_grad,0.836
108,0.2,relu,deep_lift,0.7568
108,0.2,relu,geodesic_integrated_gradients,0.9608
108,0.2,relu,enhanced_integrated_gradients,0.7584
108,0.2,relu,gradient_shap,0.8176
108,0.2,relu,integrated_gradients,0.764
108,0.2,relu,smooth_grad,0.828
108,0.25,relu,deep_lift,0.7312
108,0.25,relu,geodesic_integrated_gradients,0.8936
108,0.25,relu,enhanced_integrated_gradients,0.7472
108,0.25,relu,gradient_shap,0.7632
108,0.25,relu,integrated_gradients,0.7032
108,0.25,relu,smooth_grad,0.772
108,0.3,relu,deep_lift,0.6648
108,0.3,relu,geodesic_integrated_gradients,0.7896
108,0.3,relu,enhanced_integrated_gradients,0.7424
108,0.3,relu,gradient_shap,0.748
108,0.3,relu,integrated_gradients,0.6688
108,0.3,relu,smooth_grad,0.736
120,0.05,relu,deep_lift,1.0
120,0.05,relu,geodesic_integrated_gradients,1.0
120,0.05,relu,enhanced_integrated_gradients,1.0
120,0.05,relu,gradient_shap,0.9472
120,0.05,relu,integrated_gradients,0.9536
120,0.05,relu,smooth_grad,0.9464
120,0.1,relu,deep_lift,0.968
120,0.1,relu,geodesic_integrated_gradients,0.9632
120,0.1,relu,enhanced_integrated_gradients,0.984
120,0.1,relu,gradient_shap,0.9416
120,0.1,relu,integrated_gradients,0.96
120,0.1,relu,smooth_grad,0.9392
120,0.15,relu,deep_lift,0.9712
120,0.15,relu,geodesic_integrated_gradients,0.9296
120,0.15,relu,enhanced_integrated_gradients,0.8512
120,0.15,relu,gradient_shap,0.8776
120,0.15,relu,integrated_gradients,0.9448
120,0.15,relu,smooth_grad,0.8696
120,0.2,relu,deep_lift,0.792
120,0.2,relu,geodesic_integrated_gradients,0.9632
120,0.2,relu,enhanced_integrated_gradients,0.7728
120,0.2,relu,gradient_shap,0.8504
120,0.2,relu,integrated_gradients,0.7752
120,0.2,relu,smooth_grad,0.8504
120,0.25,relu,deep_lift,0.916
120,0.25,relu,geodesic_integrated_gradients,0.9792
120,0.25,relu,enhanced_integrated_gradients,0.8616
120,0.25,relu,gradient_shap,0.9184
120,0.25,relu,integrated_gradients,0.8696
120,0.25,relu,smooth_grad,0.9024
120,0.3,relu,deep_lift,0.7848
120,0.3,relu,geodesic_integrated_gradients,0.9032
120,0.3,relu,enhanced_integrated_gradients,0.764
120,0.3,relu,gradient_shap,0.84
120,0.3,relu,integrated_gradients,0.7648
120,0.3,relu,smooth_grad,0.8264
12,0.05,softplus,deep_lift,0.804
12,0.05,softplus,geodesic_integrated_gradients,0.8304
12,0.05,softplus,enhanced_integrated_gradients,0.8184
12,0.05,softplus,gradient_shap,0.8808
12,0.05,softplus,integrated_gradients,0.8032
12,0.05,softplus,smooth_grad,0.8768
12,0.1,softplus,deep_lift,0.7704
12,0.1,softplus,geodesic_integrated_gradients,0.7664
12,0.1,softplus,enhanced_integrated_gradients,0.7624
12,0.1,softplus,gradient_shap,0.7952
12,0.1,softplus,integrated_gradients,0.7456
12,0.1,softplus,smooth_grad,0.8008
12,0.15,softplus,deep_lift,0.8824
12,0.15,softplus,geodesic_integrated_gradients,0.8336
12,0.15,softplus,enhanced_integrated_gradients,0.896
12,0.15,softplus,gradient_shap,0.9048
12,0.15,softplus,integrated_gradients,0.8848
12,0.15,softplus,smooth_grad,0.896
12,0.2,softplus,deep_lift,0.7808
12,0.2,softplus,geodesic_integrated_gradients,0.8504
12,0.2,softplus,enhanced_integrated_gradients,0.8016
12,0.2,softplus,gradient_shap,0.8808
12,0.2,softplus,integrated_gradients,0.8048
12,0.2,softplus,smooth_grad,0.852
12,0.25,softplus,deep_lift,0.7664
12,0.25,softplus,geodesic_integrated_gradients,0.7848
12,0.25,softplus,enhanced_integrated_gradients,0.7536
12,0.25,softplus,gradient_shap,0.8576
12,0.25,softplus,integrated_gradients,0.7768
12,0.25,softplus,smooth_grad,0.8344
12,0.3,softplus,deep_lift,0.724
12,0.3,softplus,geodesic_integrated_gradients,0.7232
12,0.3,softplus,enhanced_integrated_gradients,0.7528
12,0.3,softplus,gradient_shap,0.7744
12,0.3,softplus,integrated_gradients,0.744
12,0.3,softplus,smooth_grad,0.7568
24,0.05,softplus,deep_lift,0.9448
24,0.05,softplus,geodesic_integrated_gradients,0.9376
24,0.05,softplus,enhanced_integrated_gradients,0.9384
24,0.05,softplus,gradient_shap,0.9792
24,0.05,softplus,integrated_gradients,0.94
24,0.05,softplus,smooth_grad,0.9704
24,0.1,softplus,deep_lift,0.9224
24,0.1,softplus,geodesic_integrated_gradients,0.952
24,0.1,softplus,enhanced_integrated_gradients,0.932
24,0.1,softplus,gradient_shap,0.9352
24,0.1,softplus,integrated_gradients,0.9192
24,0.1,softplus,smooth_grad,0.924
24,0.15,softplus,deep_lift,0.7784
24,0.15,softplus,geodesic_integrated_gradients,0.8352
24,0.15,softplus,enhanced_integrated_gradients,0.7744
24,0.15,softplus,gradient_shap,0.8864
24,0.15,softplus,integrated_gradients,0.7816
24,0.15,softplus,smooth_grad,0.8792
24,0.2,softplus,deep_lift,0.8448
24,0.2,softplus,geodesic_integrated_gradients,0.8608
24,0.2,softplus,enhanced_integrated_gradients,0.8384
24,0.2,softplus,gradient_shap,0.9048
24,0.2,softplus,integrated_gradients,0.8512
24,0.2,softplus,smooth_grad,0.8992
24,0.25,softplus,deep_lift,0.7904
24,0.25,softplus,geodesic_integrated_gradients,0.8016
24,0.25,softplus,enhanced_integrated_gradients,0.7944
24,0.25,softplus,gradient_shap,0.904
24,0.25,softplus,integrated_gradients,0.7944
24,0.25,softplus,smooth_grad,0.8944
24,0.3,softplus,deep_lift,0.8024
24,0.3,softplus,geodesic_integrated_gradients,0.808
24,0.3,softplus,enhanced_integrated_gradients,0.7968
24,0.3,softplus,gradient_shap,0.904
24,0.3,softplus,integrated_gradients,0.8032
24,0.3,softplus,smooth_grad,0.8784
36,0.05,softplus,deep_lift,0.8696
36,0.05,softplus,geodesic_integrated_gradients,0.8272
36,0.05,softplus,enhanced_integrated_gradients,0.8512
36,0.05,softplus,gradient_shap,0.872
36,0.05,softplus,integrated_gradients,0.8576
36,0.05,softplus,smooth_grad,0.8664
36,0.1,softplus,deep_lift,0.964
36,0.1,softplus,geodesic_integrated_gradients,0.9416
36,0.1,softplus,enhanced_integrated_gradients,0.94
36,0.1,softplus,gradient_shap,0.9192
36,0.1,softplus,integrated_gradients,0.9464
36,0.1,softplus,smooth_grad,0.9112
36,0.15,softplus,deep_lift,0.848
36,0.15,softplus,geodesic_integrated_gradients,0.9016
36,0.15,softplus,enhanced_integrated_gradients,0.8448
36,0.15,softplus,gradient_shap,0.8816
36,0.15,softplus,integrated_gradients,0.8184
36,0.15,softplus,smooth_grad,0.8656
36,0.2,softplus,deep_lift,0.8488
36,0.2,softplus,geodesic_integrated_gradients,0.7944
36,0.2,softplus,enhanced_integrated_gradients,0.8328
36,0.2,softplus,gradient_shap,0.9032
36,0.2,softplus,integrated_gradients,0.844
36,0.2,softplus,smooth_grad,0.8936
36,0.25,softplus,deep_lift,0.72
36,0.25,softplus,geodesic_integrated_gradients,0.7152
36,0.25,softplus,enhanced_integrated_gradients,0.7184
36,0.25,softplus,gradient_shap,0.8512
36,0.25,softplus,integrated_gradients,0.72
36,0.25,softplus,smooth_grad,0.8352
36,0.3,softplus,deep_lift,0.8816
36,0.3,softplus,geodesic_integrated_gradients,0.8712
36,0.3,softplus,enhanced_integrated_gradients,0.8832
36,0.3,softplus,gradient_shap,0.9392
36,0.3,softplus,integrated_gradients,0.8816
36,0.3,softplus,smooth_grad,0.928
48,0.05,softplus,deep_lift,0.9512
48,0.05,softplus,geodesic_integrated_gradients,0.9712
48,0.05,softplus,enhanced_integrated_gradients,0.9552
48,0.05,softplus,gradient_shap,0.9344
48,0.05,softplus,integrated_gradients,0.9232
48,0.05,softplus,smooth_grad,0.9296
48,0.1,softplus,deep_lift,0.9584
48,0.1,softplus,geodesic_integrated_gradients,0.9504
48,0.1,softplus,enhanced_integrated_gradients,0.9608
48,0.1,softplus,gradient_shap,0.988
48,0.1,softplus,integrated_gradients,0.9584
48,0.1,softplus,smooth_grad,0.9752
48,0.15,softplus,deep_lift,0.944
48,0.15,softplus,geodesic_integrated_gradients,0.9824
48,0.15,softplus,enhanced_integrated_gradients,0.9032
48,0.15,softplus,gradient_shap,0.9304
48,0.15,softplus,integrated_gradients,0.8928
48,0.15,softplus,smooth_grad,0.916
48,0.2,softplus,deep_lift,0.8704
48,0.2,softplus,geodesic_integrated_gradients,0.86
48,0.2,softplus,enhanced_integrated_gradients,0.872
48,0.2,softplus,gradient_shap,0.9128
48,0.2,softplus,integrated_gradients,0.8584
48,0.2,softplus,smooth_grad,0.9088
48,0.25,softplus,deep_lift,0.8408
48,0.25,softplus,geodesic_integrated_gradients,0.8424
48,0.25,softplus,enhanced_integrated_gradients,0.82
48,0.25,softplus,gradient_shap,0.9056
48,0.25,softplus,integrated_gradients,0.8392
48,0.25,softplus,smooth_grad,0.88
48,0.3,softplus,deep_lift,0.7656
48,0.3,softplus,geodesic_integrated_gradients,0.76
48,0.3,softplus,enhanced_integrated_gradients,0.7616
48,0.3,softplus,gradient_shap,0.8816
48,0.3,softplus,integrated_gradients,0.7672
48,0.3,softplus,smooth_grad,0.8728
60,0.05,softplus,deep_lift,0.836
60,0.05,softplus,geodesic_integrated_gradients,0.908
60,0.05,softplus,enhanced_integrated_gradients,0.9016
60,0.05,softplus,gradient_shap,0.9176
60,0.05,softplus,integrated_gradients,0.816
60,0.05,softplus,smooth_grad,0.904
60,0.1,softplus,deep_lift,0.912
60,0.1,softplus,geodesic_integrated_gradients,0.9504
60,0.1,softplus,enhanced_integrated_gradients,0.9088
60,0.1,softplus,gradient_shap,0.9272
60,0.1,softplus,integrated_gradients,0.8864
60,0.1,softplus,smooth_grad,0.9112
60,0.15,softplus,deep_lift,0.828
60,0.15,softplus,geodesic_integrated_gradients,0.8784
60,0.15,softplus,enhanced_integrated_gradients,0.8192
60,0.15,softplus,gradient_shap,0.8552
60,0.15,softplus,integrated_gradients,0.7992
60,0.15,softplus,smooth_grad,0.8504
60,0.2,softplus,deep_lift,0.8528
60,0.2,softplus,geodesic_integrated_gradients,0.7672
60,0.2,softplus,enhanced_integrated_gradients,0.8384
60,0.2,softplus,gradient_shap,0.9072
60,0.2,softplus,integrated_gradients,0.8528
60,0.2,softplus,smooth_grad,0.8888
60,0.25,softplus,deep_lift,0.8328
60,0.25,softplus,geodesic_integrated_gradients,0.8336
60,0.25,softplus,enhanced_integrated_gradients,0.8048
60,0.25,softplus,gradient_shap,0.904
60,0.25,softplus,integrated_gradients,0.832
60,0.25,softplus,smooth_grad,0.888
60,0.3,softplus,deep_lift,0.644
60,0.3,softplus,geodesic_integrated_gradients,0.668
60,0.3,softplus,enhanced_integrated_gradients,0.652
60,0.3,softplus,gradient_shap,0.724
60,0.3,softplus,integrated_gradients,0.6488
60,0.3,softplus,smooth_grad,0.7144
72,0.05,softplus,deep_lift,0.816
72,0.05,softplus,geodesic_integrated_gradients,0.8048
72,0.05,softplus,enhanced_integrated_gradients,0.8056
72,0.05,softplus,gradient_shap,0.9032
72,0.05,softplus,integrated_gradients,0.8232
72,0.05,softplus,smooth_grad,0.9032
72,0.1,softplus,deep_lift,0.9632
72,0.1,softplus,geodesic_integrated_gradients,0.9912
72,0.1,softplus,enhanced_integrated_gradients,0.9432
72,0.1,softplus,gradient_shap,0.9448
72,0.1,softplus,integrated_gradients,0.9432
72,0.1,softplus,smooth_grad,0.9336
72,0.15,softplus,deep_lift,0.9648
72,0.15,softplus,geodesic_integrated_gradients,0.936
72,0.15,softplus,enhanced_integrated_gradients,0.9104
72,0.15,softplus,gradient_shap,0.9488
72,0.15,softplus,integrated_gradients,0.9536
72,0.15,softplus,smooth_grad,0.9312
72,0.2,softplus,deep_lift,0.7432
72,0.2,softplus,geodesic_integrated_gradients,0.8672
72,0.2,softplus,enhanced_integrated_gradients,0.7312
72,0.2,softplus,gradient_shap,0.86
72,0.2,softplus,integrated_gradients,0.752
72,0.2,softplus,smooth_grad,0.8512
72,0.25,softplus,deep_lift,0.8312
72,0.25,softplus,geodesic_integrated_gradients,0.8384
72,0.25,softplus,enhanced_integrated_gradients,0.8248
72,0.25,softplus,gradient_shap,0.9136
72,0.25,softplus,integrated_gradients,0.8312
72,0.25,softplus,smooth_grad,0.9056
72,0.3,softplus,deep_lift,0.8104
72,0.3,softplus,geodesic_integrated_gradients,0.804
72,0.3,softplus,enhanced_integrated_gradients,0.8064
72,0.3,softplus,gradient_shap,0.9264
72,0.3,softplus,integrated_gradients,0.8088
72,0.3,softplus,smooth_grad,0.9104
84,0.05,softplus,deep_lift,0.6848
84,0.05,softplus,geodesic_integrated_gradients,0.5984
84,0.05,softplus,enhanced_integrated_gradients,0.6016
84,0.05,softplus,gradient_shap,0.8024
84,0.05,softplus,integrated_gradients,0.6872
84,0.05,softplus,smooth_grad,0.796
84,0.1,softplus,deep_lift,0.8328
84,0.1,softplus,geodesic_integrated_gradients,0.9352
84,0.1,softplus,enhanced_integrated_gradients,0.8104
84,0.1,softplus,gradient_shap,0.8752
84,0.1,softplus,integrated_gradients,0.824
84,0.1,softplus,smooth_grad,0.8592
84,0.15,softplus,deep_lift,0.7992
84,0.15,softplus,geodesic_integrated_gradients,0.8768
84,0.15,softplus,enhanced_integrated_gradients,0.8512
84,0.15,softplus,gradient_shap,0.8864
84,0.15,softplus,integrated_gradients,0.8016
84,0.15,softplus,smooth_grad,0.8672
84,0.2,softplus,deep_lift,0.8968
84,0.2,softplus,geodesic_integrated_gradients,0.8584
84,0.2,softplus,enhanced_integrated_gradients,0.8584
84,0.2,softplus,gradient_shap,0.9592
84,0.2,softplus,integrated_gradients,0.8968
84,0.2,softplus,smooth_grad,0.9432
84,0.25,softplus,deep_lift,0.7976
84,0.25,softplus,geodesic_integrated_gradients,0.784
84,0.25,softplus,enhanced_integrated_gradients,0.7656
84,0.25,softplus,gradient_shap,0.8688
84,0.25,softplus,integrated_gradients,0.7968
84,0.25,softplus,smooth_grad,0.8696
84,0.3,softplus,deep_lift,0.728
84,0.3,softplus,geodesic_integrated_gradients,0.7496
84,0.3,softplus,enhanced_integrated_gradients,0.752
84,0.3,softplus,gradient_shap,0.88
84,0.3,softplus,integrated_gradients,0.7352
84,0.3,softplus,smooth_grad,0.872
96,0.05,softplus,deep_lift,0.9904
96,0.05,softplus,geodesic_integrated_gradients,0.8368
96,0.05,softplus,enhanced_integrated_gradients,0.8368
96,0.05,softplus,gradient_shap,0.9392
96,0.05,softplus,integrated_gradients,0.9904
96,0.05,softplus,smooth_grad,0.9216
96,0.1,softplus,deep_lift,0.9528
96,0.1,softplus,geodesic_integrated_gradients,0.9768
96,0.1,softplus,enhanced_integrated_gradients,0.9488
96,0.1,softplus,gradient_shap,0.9016
96,0.1,softplus,integrated_gradients,0.9088
96,0.1,softplus,smooth_grad,0.8952
96,0.15,softplus,deep_lift,0.9776
96,0.15,softplus,geodesic_integrated_gradients,0.924
96,0.15,softplus,enhanced_integrated_gradients,0.9584
96,0.15,softplus,gradient_shap,0.928
96,0.15,softplus,integrated_gradients,0.9352
96,0.15,softplus,smooth_grad,0.9256
96,0.2,softplus,deep_lift,0.88
96,0.2,softplus,geodesic_integrated_gradients,0.9776
96,0.2,softplus,enhanced_integrated_gradients,0.9184
96,0.2,softplus,gradient_shap,0.9368
96,0.2,softplus,integrated_gradients,0.896
96,0.2,softplus,smooth_grad,0.9288
96,0.25,softplus,deep_lift,0.8504
96,0.25,softplus,geodesic_integrated_gradients,0.844
96,0.25,softplus,enhanced_integrated_gradients,0.8472
96,0.25,softplus,gradient_shap,0.928
96,0.25,softplus,integrated_gradients,0.8504
96,0.25,softplus,smooth_grad,0.9016
96,0.3,softplus,deep_lift,0.8616
96,0.3,softplus,geodesic_integrated_gradients,0.88
96,0.3,softplus,enhanced_integrated_gradients,0.8488
96,0.3,softplus,gradient_shap,0.9432
96,0.3,softplus,integrated_gradients,0.8648
96,0.3,softplus,smooth_grad,0.9192
108,0.05,softplus,deep_lift,0.9184
108,0.05,softplus,geodesic_integrated_gradients,0.9168
108,0.05,softplus,enhanced_integrated_gradients,0.9144
108,0.05,softplus,gradient_shap,0.864
108,0.05,softplus,integrated_gradients,0.8648
108,0.05,softplus,smooth_grad,0.8576
108,0.1,softplus,deep_lift,0.9776
108,0.1,softplus,geodesic_integrated_gradients,0.9776
108,0.1,softplus,enhanced_integrated_gradients,0.976
108,0.1,softplus,gradient_shap,0.9352
108,0.1,softplus,integrated_gradients,0.976
108,0.1,softplus,smooth_grad,0.936
108,0.15,softplus,deep_lift,0.8568
108,0.15,softplus,geodesic_integrated_gradients,0.788
108,0.15,softplus,enhanced_integrated_gradients,0.832
108,0.15,softplus,gradient_shap,0.876
108,0.15,softplus,integrated_gradients,0.8448
108,0.15,softplus,smooth_grad,0.872
108,0.2,softplus,deep_lift,0.8912
108,0.2,softplus,geodesic_integrated_gradients,0.956
108,0.2,softplus,enhanced_integrated_gradients,0.8856
108,0.2,softplus,gradient_shap,0.9216
108,0.2,softplus,integrated_gradients,0.8768
108,0.2,softplus,smooth_grad,0.9096
108,0.25,softplus,deep_lift,0.7416
108,0.25,softplus,geodesic_integrated_gradients,0.8112
108,0.25,softplus,enhanced_integrated_gradients,0.7456
108,0.25,softplus,gradient_shap,0.8616
108,0.25,softplus,integrated_gradients,0.7408
108,0.25,softplus,smooth_grad,0.8376
108,0.3,softplus,deep_lift,0.7032
108,0.3,softplus,geodesic_integrated_gradients,0.6992
108,0.3,softplus,enhanced_integrated_gradients,0.7032
108,0.3,softplus,gradient_shap,0.8096
108,0.3,softplus,integrated_gradients,0.7032
108,0.3,softplus,smooth_grad,0.7896
120,0.05,softplus,deep_lift,0.9408
120,0.05,softplus,geodesic_integrated_gradients,1.0
120,0.05,softplus,enhanced_integrated_gradients,1.0
120,0.05,softplus,gradient_shap,0.9552
120,0.05,softplus,integrated_gradients,0.9608
120,0.05,softplus,smooth_grad,0.9288
120,0.1,softplus,deep_lift,0.8432
120,0.1,softplus,geodesic_integrated_gradients,0.9008
120,0.1,softplus,enhanced_integrated_gradients,0.852
120,0.1,softplus,gradient_shap,0.8688
120,0.1,softplus,integrated_gradients,0.8184
120,0.1,softplus,smooth_grad,0.8656
120,0.15,softplus,deep_lift,0.932
120,0.15,softplus,geodesic_integrated_gradients,0.844
120,0.15,softplus,enhanced_integrated_gradients,0.9384
120,0.15,softplus,gradient_shap,0.9224
120,0.15,softplus,integrated_gradients,0.94
120,0.15,softplus,smooth_grad,0.916
120,0.2,softplus,deep_lift,0.892
120,0.2,softplus,geodesic_integrated_gradients,0.8592
120,0.2,softplus,enhanced_integrated_gradients,0.8792
120,0.2,softplus,gradient_shap,0.9288
120,0.2,softplus,integrated_gradients,0.8864
120,0.2,softplus,smooth_grad,0.9072
120,0.25,softplus,deep_lift,0.7088
120,0.25,softplus,geodesic_integrated_gradients,0.8608
120,0.25,softplus,enhanced_integrated_gradients,0.7176
120,0.25,softplus,gradient_shap,0.8264
120,0.25,softplus,integrated_gradients,0.7192
120,0.25,softplus,smooth_grad,0.8152
120,0.3,softplus,deep_lift,0.8384
120,0.3,softplus,geodesic_integrated_gradients,0.8512
120,0.3,softplus,enhanced_integrated_gradients,0.84
120,0.3,softplus,gradient_shap,0.892
120,0.3,softplus,integrated_gradients,0.8416
120,0.3,softplus,smooth_grad,0.8848
